participant_id	task	timepoint	source_session	source_block	source_file	destination	n_rows	sha256	selection_rule
sub-104	sharedreward	post	2	1	stimuli/psychopy/logs/104/sub104_SR-Ratings-2.csv	sub-104/beh/sub-104_task-sharedreward_acq-post_beh.tsv	6	7d530da25eaf2ecfc5b5d1a474a57ac965976327edec9c72a4e7da6841890e2d	final_complete_attempt
sub-104	trust	pre	1	1	stimuli/psychopy/logs/104/sub104_Investment-Ratings-1.csv	sub-104/beh/sub-104_task-trust_acq-pre_beh.tsv	9	d1718bfc4b378a0354ee1b0e17ece40958ebc6387474d5dcf8952507f0c6b89c	final_complete_attempt
sub-104	ultimatum	post	2	1	stimuli/psychopy/logs/104/sub104_Bargaining-Ratings-2.csv	sub-104/beh/sub-104_task-ultimatum_acq-post_beh.tsv	12	6b8a3859020b94a58c31b8c281dd5dcb0ca3e39eff05d5e05f0636bc29143249	final_complete_attempt
sub-104	ultimatum	pre	1	1	stimuli/psychopy/logs/104/sub104_Bargaining-Ratings-1.csv	sub-104/beh/sub-104_task-ultimatum_acq-pre_beh.tsv	6	8e3183632e2d2a384f4be58626cdc970e63bc3f755549b0b43bed15904e622f7	final_complete_attempt
sub-105	trust	post	2	1	stimuli/psychopy/logs/105/sub105_Investment-Ratings-2.csv	sub-105/beh/sub-105_task-trust_acq-post_beh.tsv	9	1c44b884fca8dad62e462dff2d72520f8a1c482d2b9afec56d4cadfa6432694d	final_complete_attempt
sub-105	trust	pre	1	1	stimuli/psychopy/logs/105/sub105_Investment-Ratings-1.csv	sub-105/beh/sub-105_task-trust_acq-pre_beh.tsv	9	b2b8f7e2476d2864b84d9b48af5ddd20f0a934ad65ba7d42a335c8ea37a14a4f	final_complete_attempt
sub-105	ultimatum	post	2	2	stimuli/psychopy/logs/105/sub105_Bargaining-Ratings-2.csv	sub-105/beh/sub-105_task-ultimatum_acq-post_beh.tsv	12	7ba620011a9690d8d4f65bf24f59d808e324d23d4141c726421b996db2433005	final_complete_attempt
sub-107	sharedreward	post	2	1	stimuli/psychopy/logs/107/sub107_SR-Ratings-2.csv	sub-107/beh/sub-107_task-sharedreward_acq-post_beh.tsv	6	224ed5c930ef1bd3e5269e8373d41d15b129909609f4e7973c702c441fe1234e	final_complete_attempt
sub-107	trust	post	2	1	stimuli/psychopy/logs/107/sub107_Investment-Ratings-2.csv	sub-107/beh/sub-107_task-trust_acq-post_beh.tsv	9	95ea3f46d79dc3b83e4b746db6531bf8f558d2042a4dfe161cf15adb8f18a718	final_complete_attempt
sub-107	trust	pre	1	1	stimuli/psychopy/logs/107/sub107_Investment-Ratings-1.csv	sub-107/beh/sub-107_task-trust_acq-pre_beh.tsv	9	6df106c607b80eeca49b0b692f635af7cbe79fcd4d49677ab73bd5975a049616	final_complete_attempt
sub-107	ultimatum	post	2	1	stimuli/psychopy/logs/107/sub107_Bargaining-Ratings-2.csv	sub-107/beh/sub-107_task-ultimatum_acq-post_beh.tsv	12	b02cade08923dac1e1fd403a9aca3ba3fc0fe6d3971565e47ef75a1aec3e3e84	final_complete_attempt
sub-107	ultimatum	pre	1	1	stimuli/psychopy/logs/107/sub107_Bargaining-Ratings-1.csv	sub-107/beh/sub-107_task-ultimatum_acq-pre_beh.tsv	6	250875a4c693f0582ed2220cf3d6051176a694e43b8597935a6fe433ec5151cf	final_complete_attempt
sub-108	sharedreward	post	2	1	stimuli/psychopy/logs/108/sub108_SR-Ratings-2.csv	sub-108/beh/sub-108_task-sharedreward_acq-post_beh.tsv	6	87631a4fed94f048314bb2a89b51be981cb5e07e69c73033b246e36c09969d38	final_complete_attempt
sub-108	trust	post	2	1	stimuli/psychopy/logs/108/sub108_Investment-Ratings-2.csv	sub-108/beh/sub-108_task-trust_acq-post_beh.tsv	9	d5bb16da8ffb12853d38269bdcb48b290462fb8788c9eb4a2f27eefc786ad5dc	final_complete_attempt
sub-108	trust	pre	1	1	stimuli/psychopy/logs/108/sub108_Investment-Ratings-1.csv	sub-108/beh/sub-108_task-trust_acq-pre_beh.tsv	9	6df106c607b80eeca49b0b692f635af7cbe79fcd4d49677ab73bd5975a049616	final_complete_attempt
sub-108	ultimatum	post	2	1	stimuli/psychopy/logs/108/sub108_Bargaining-Ratings-2.csv	sub-108/beh/sub-108_task-ultimatum_acq-post_beh.tsv	12	75465192101339dd1e76ec274c0d808553d337adc149061b8dd442ad51978ee8	final_complete_attempt
sub-108	ultimatum	pre	1	1	stimuli/psychopy/logs/108/sub108_Bargaining-Ratings-1.csv	sub-108/beh/sub-108_task-ultimatum_acq-pre_beh.tsv	6	06a80aaca879942079ff726e9226aad791cead52c425309e00fa90e7ed5de87d	final_complete_attempt
sub-111	sharedreward	post	2	1	stimuli/psychopy/logs/111/sub111_SR-Ratings-2.csv	sub-111/beh/sub-111_task-sharedreward_acq-post_beh.tsv	6	3be23f16e7cd98dd9bcba30d2f3663cf521f7d7aada1bf33580f24df0092d308	final_complete_attempt
sub-111	trust	post	2	1	stimuli/psychopy/logs/111/sub111_Investment-Ratings-2.csv	sub-111/beh/sub-111_task-trust_acq-post_beh.tsv	9	24ae35d54ae2cc463141db172a5c1fa5454f0e0f01c8d6c2a4f54e9ac05693e4	final_complete_attempt
sub-111	trust	pre	1	1	stimuli/psychopy/logs/111/sub111_Investment-Ratings-1.csv	sub-111/beh/sub-111_task-trust_acq-pre_beh.tsv	9	f5e1549f1dba4684465f3f11e3d07bfbf3d463ff57cff606cbabadf91263dd05	final_complete_attempt
sub-111	ultimatum	post	2	1	stimuli/psychopy/logs/111/sub111_Bargaining-Ratings-2.csv	sub-111/beh/sub-111_task-ultimatum_acq-post_beh.tsv	12	9986ad41fd5e511a8c1a793636635a6b587546b8f46bc22eee1e54bc22259f34	final_complete_attempt
sub-111	ultimatum	pre	1	1	stimuli/psychopy/logs/111/sub111_Bargaining-Ratings-1.csv	sub-111/beh/sub-111_task-ultimatum_acq-pre_beh.tsv	6	855688d678ac67a60084749f4cbe69ddc4ec0f204f5460ef48f78304717fda66	final_complete_attempt
sub-112	sharedreward	post	2	1	stimuli/psychopy/logs/112/sub112_SR-Ratings-2.csv	sub-112/beh/sub-112_task-sharedreward_acq-post_beh.tsv	6	bc7f00fe0f2a119c9d8887cc438e03f4b5d2f33ad157759d400b9c5574eb6bca	final_complete_attempt
sub-112	trust	post	2	1	stimuli/psychopy/logs/112/sub112_Investment-Ratings-2.csv	sub-112/beh/sub-112_task-trust_acq-post_beh.tsv	9	74cb43174fc918e86ce5df043da24c248339ce47a58640dc3a74c5adc726f2c8	final_complete_attempt
sub-112	trust	pre	1	1	stimuli/psychopy/logs/112/sub112_Investment-Ratings-1.csv	sub-112/beh/sub-112_task-trust_acq-pre_beh.tsv	9	af20de94f61776f5184559eac76591d034fde7acdd77a6a6b41f2a108c4cb62b	final_complete_attempt
sub-112	ultimatum	post	2	1	stimuli/psychopy/logs/112/sub112_Bargaining-Ratings-2.csv	sub-112/beh/sub-112_task-ultimatum_acq-post_beh.tsv	12	2d20daa050867e40bcee524d277135b736dbc3b9518f065a3fb1ff43018ea39b	final_complete_attempt
sub-112	ultimatum	pre	1	1	stimuli/psychopy/logs/112/sub112_Bargaining-Ratings-1.csv	sub-112/beh/sub-112_task-ultimatum_acq-pre_beh.tsv	6	f1467f061ba88855e6d82de56be469fc00d74a0c46a7d5f663f836b92c400cb5	final_complete_attempt
sub-113	sharedreward	post	2	1	stimuli/psychopy/logs/113/sub113_SR-Ratings-2.csv	sub-113/beh/sub-113_task-sharedreward_acq-post_beh.tsv	6	150dca18524829462f3bf4bc64744e8cb3a40a939c15c0e0cddfb821ee49bf67	final_complete_attempt
sub-113	trust	post	2	1	stimuli/psychopy/logs/113/sub113_Investment-Ratings-2.csv	sub-113/beh/sub-113_task-trust_acq-post_beh.tsv	9	d4803f6c5091d66a07f5388ed8da1179988775754e4e37e08f9ab075333c3bc3	final_complete_attempt
sub-113	trust	pre	1	1	stimuli/psychopy/logs/113/sub113_Investment-Ratings-1.csv	sub-113/beh/sub-113_task-trust_acq-pre_beh.tsv	9	e52565b8516ef1e35a4c6ebd50ff620ead68bb73912c73542a64bff0ab55f84a	final_complete_attempt
sub-113	ultimatum	post	2	1	stimuli/psychopy/logs/113/sub113_Bargaining-Ratings-2.csv	sub-113/beh/sub-113_task-ultimatum_acq-post_beh.tsv	12	c6a3838a84247fe225cce6a9391155195c50f1e0b97a66be2852199a13243bb2	final_complete_attempt
sub-113	ultimatum	pre	1	1	stimuli/psychopy/logs/113/sub113_Bargaining-Ratings-1.csv	sub-113/beh/sub-113_task-ultimatum_acq-pre_beh.tsv	6	321e43d15c57e82dfb0fa1c84a96ddc58f4ec4eaf5b9aec8eb5f7b618eb7c53f	final_complete_attempt
sub-115	sharedreward	post	2	1	stimuli/psychopy/logs/115/sub115_SR-Ratings-2.csv	sub-115/beh/sub-115_task-sharedreward_acq-post_beh.tsv	6	542a2353abb999e961050c1c12acb07949483ba059ee255d181fba33b30da254	final_complete_attempt
sub-115	trust	post	2	1	stimuli/psychopy/logs/115/sub115_Investment-Ratings-2.csv	sub-115/beh/sub-115_task-trust_acq-post_beh.tsv	9	cd422fcded84b67ed82f1308a2f5c62a7834cf4a04e5c185f7b1e48e69015f9c	final_complete_attempt
sub-115	trust	pre	1	1	stimuli/psychopy/logs/115/sub115_Investment-Ratings-1.csv	sub-115/beh/sub-115_task-trust_acq-pre_beh.tsv	9	f3bbdb2b4fee53023053deab877870930c93a60918df18ff202e9fdd2855a04c	final_complete_attempt
sub-115	ultimatum	post	2	1	stimuli/psychopy/logs/115/sub115_Bargaining-Ratings-2.csv	sub-115/beh/sub-115_task-ultimatum_acq-post_beh.tsv	12	4d1baf9c6a266dc42777fca114f32043a46feac7110734722e41df27131f2fc3	final_complete_attempt
sub-115	ultimatum	pre	1	1	stimuli/psychopy/logs/115/sub115_Bargaining-Ratings-1.csv	sub-115/beh/sub-115_task-ultimatum_acq-pre_beh.tsv	6	b21155ce92badfa6161eeb33223e6de0d9db2b5a3e810a757e6bccc256d23e6c	final_complete_attempt
sub-116	sharedreward	post	2	1	stimuli/psychopy/logs/116/sub116_SR-Ratings-2.csv	sub-116/beh/sub-116_task-sharedreward_acq-post_beh.tsv	6	ed7d592d8a57f9079833040b52d9ac534726fcd65094d24da30d0a379fae0bba	final_complete_attempt
sub-116	trust	post	2	1	stimuli/psychopy/logs/116/sub116_Investment-Ratings-2.csv	sub-116/beh/sub-116_task-trust_acq-post_beh.tsv	9	752e93ac4f6de51caacc9ea27d4a09b8e910f0a6320c33408cea7f0ef7e3cd84	final_complete_attempt
sub-116	trust	pre	1	1	stimuli/psychopy/logs/116/sub116_Investment-Ratings-1.csv	sub-116/beh/sub-116_task-trust_acq-pre_beh.tsv	9	5936e49b4895ce5fdfdc38145cc34fc7a5950f4872413bb032bf556a0352c8d7	final_complete_attempt
sub-116	ultimatum	post	2	1	stimuli/psychopy/logs/116/sub116_Bargaining-Ratings-2.csv	sub-116/beh/sub-116_task-ultimatum_acq-post_beh.tsv	12	3accaf9b9248ecad62e0dedfbb713966249132f84a6d9da49518a23f73a0fe2d	final_complete_attempt
sub-116	ultimatum	pre	1	1	stimuli/psychopy/logs/116/sub116_Bargaining-Ratings-1.csv	sub-116/beh/sub-116_task-ultimatum_acq-pre_beh.tsv	6	36d65bfc32ac2f1c85718c53fb3859367ca264e9da4591491d24a02c71873592	final_complete_attempt
sub-117	sharedreward	post	2	1	stimuli/psychopy/logs/117/sub117_SR-Ratings-2.csv	sub-117/beh/sub-117_task-sharedreward_acq-post_beh.tsv	6	460f2a79cd1f6dc3f728411d6513ab1676383668d935145633f5f5fe9c5ef92b	final_complete_attempt
sub-117	trust	post	2	1	stimuli/psychopy/logs/117/sub117_Investment-Ratings-2.csv	sub-117/beh/sub-117_task-trust_acq-post_beh.tsv	9	87f5358b4f632161bbeb0a1addec48e0a0da800fda0d8c558086be4143fcf337	final_complete_attempt
sub-117	trust	pre	1	1	stimuli/psychopy/logs/117/sub117_Investment-Ratings-1.csv	sub-117/beh/sub-117_task-trust_acq-pre_beh.tsv	9	7aae6c049426bbb0e47426c8dc91364479f4271ed2d362a5f67d76f5b9b98cc9	final_complete_attempt
sub-117	ultimatum	post	2	1	stimuli/psychopy/logs/117/sub117_Bargaining-Ratings-2.csv	sub-117/beh/sub-117_task-ultimatum_acq-post_beh.tsv	12	2665a6829e2378c90151b1a19dbbf175c768176f303e4d424bdacf54a55409df	final_complete_attempt
sub-117	ultimatum	pre	1	1	stimuli/psychopy/logs/117/sub117_Bargaining-Ratings-1.csv	sub-117/beh/sub-117_task-ultimatum_acq-pre_beh.tsv	6	321e43d15c57e82dfb0fa1c84a96ddc58f4ec4eaf5b9aec8eb5f7b618eb7c53f	final_complete_attempt
sub-118	sharedreward	post	2	1	stimuli/psychopy/logs/118/sub118_SR-Ratings-2.csv	sub-118/beh/sub-118_task-sharedreward_acq-post_beh.tsv	6	9976607d4e974c9b7b537856c2b187f172727d75f543fa2bb00cdf2e98b38c86	final_complete_attempt
sub-118	trust	post	2	1	stimuli/psychopy/logs/118/sub118_Investment-Ratings-2.csv	sub-118/beh/sub-118_task-trust_acq-post_beh.tsv	9	d6c76be16b024eab8043080f4bd8126987197eb10f9e44b61017878466f9b1dd	final_complete_attempt
sub-118	trust	pre	1	1	stimuli/psychopy/logs/118/sub118_Investment-Ratings-1.csv	sub-118/beh/sub-118_task-trust_acq-pre_beh.tsv	9	1b22da55d23e25b313ec6deab83c6f09aa260053c3ff7d06ba8ffc0fbb0e7c76	final_complete_attempt
sub-118	ultimatum	pre	1	1	stimuli/psychopy/logs/118/sub118_Bargaining-Ratings-1.csv	sub-118/beh/sub-118_task-ultimatum_acq-pre_beh.tsv	6	36fee0426ed319ad5d3c44876fb710ed5fb0673f73fcc63bcd0258dc1b6a65a2	final_complete_attempt
sub-120	sharedreward	post	2	1	stimuli/psychopy/logs/120/sub120_SR-Ratings-2.csv	sub-120/beh/sub-120_task-sharedreward_acq-post_beh.tsv	6	37ffa88750b589d4cf06d248cd6def59de5f32dcf9ef7324768f6e8ad21f992d	final_complete_attempt
sub-120	trust	post	2	1	stimuli/psychopy/logs/120/sub120_Investment-Ratings-2.csv	sub-120/beh/sub-120_task-trust_acq-post_beh.tsv	9	fe4220658cd78d3fbc383a34ff4a1c195f186f5ff7d8c44d0b99f7416df07814	final_complete_attempt
sub-120	trust	pre	1	1	stimuli/psychopy/logs/120/sub120_Investment-Ratings-1.csv	sub-120/beh/sub-120_task-trust_acq-pre_beh.tsv	9	ab2de438916568da8b646b900c2dd23e87fdee3e1d199e90008634fde1d47bae	final_complete_attempt
sub-120	ultimatum	post	2	1	stimuli/psychopy/logs/120/sub120_Bargaining-Ratings-2.csv	sub-120/beh/sub-120_task-ultimatum_acq-post_beh.tsv	12	b2ed34bf8ce7b241390730979864aaa62bf6de71942ad9c90df489752e256aa3	final_complete_attempt
sub-120	ultimatum	pre	1	1	stimuli/psychopy/logs/120/sub120_Bargaining-Ratings-1.csv	sub-120/beh/sub-120_task-ultimatum_acq-pre_beh.tsv	6	2b580c429995aa2be11ec9d02e54445eee848a713c8a81978b3ed8678e68a1f7	final_complete_attempt
sub-121	sharedreward	post	2	1	stimuli/psychopy/logs/121/sub121_SR-Ratings-2.csv	sub-121/beh/sub-121_task-sharedreward_acq-post_beh.tsv	6	05b33f5c4c2ba2ccfcfb7ec559ed47308340ff6227006e499b10d4a74e8db567	final_complete_attempt
sub-121	trust	post	2	1	stimuli/psychopy/logs/121/sub121_Investment-Ratings-2.csv	sub-121/beh/sub-121_task-trust_acq-post_beh.tsv	9	9a0ee95fe990a3fb98285919f1adf57935890a56c3e93f72e8793b718352a27e	final_complete_attempt
sub-121	trust	pre	1	1	stimuli/psychopy/logs/121/sub121_Investment-Ratings-1.csv	sub-121/beh/sub-121_task-trust_acq-pre_beh.tsv	9	f21e06964fce89761877480c35428ff75394df1e7d38846467cdf0d403e9a407	final_complete_attempt
sub-121	ultimatum	post	2	1	stimuli/psychopy/logs/121/sub121_Bargaining-Ratings-2.csv	sub-121/beh/sub-121_task-ultimatum_acq-post_beh.tsv	12	4e90857dd8587dcb08cc32805f02df11de5dceca3508df5a02c2c4c460be1e88	final_complete_attempt
sub-121	ultimatum	pre	1	1	stimuli/psychopy/logs/121/sub121_Bargaining-Ratings-1.csv	sub-121/beh/sub-121_task-ultimatum_acq-pre_beh.tsv	6	e9786834064881bccf68dc69321c57a40e6faa46035a25786ae2227ee9a391bc	final_complete_attempt
sub-122	sharedreward	post	2	1	stimuli/psychopy/logs/122/sub122_SR-Ratings-2.csv	sub-122/beh/sub-122_task-sharedreward_acq-post_beh.tsv	6	9b74c115e932d3c83cef30d1ea0cf2de85dafdff711bcbb7e12f2d3baf8f56ec	final_complete_attempt
sub-122	trust	post	2	1	stimuli/psychopy/logs/122/sub122_Investment-Ratings-2.csv	sub-122/beh/sub-122_task-trust_acq-post_beh.tsv	9	0686b5d89576f575975d3fdae79d257fcb5b923a554da38ad18583dbb08c1c82	final_complete_attempt
sub-122	trust	pre	1	1	stimuli/psychopy/logs/122/sub122_Investment-Ratings-1.csv	sub-122/beh/sub-122_task-trust_acq-pre_beh.tsv	9	b52a863cd54e596199ad47d53ab2e081be8a7f9d337c774b17a5e1fbe01bbe58	final_complete_attempt
sub-122	ultimatum	post	2	1	stimuli/psychopy/logs/122/sub122_Bargaining-Ratings-2.csv	sub-122/beh/sub-122_task-ultimatum_acq-post_beh.tsv	12	0abca8fa870e43b30d611c6eaad2ea7cda64018e7d3aaf366d85b151754cf346	final_complete_attempt
sub-122	ultimatum	pre	1	1	stimuli/psychopy/logs/122/sub122_Bargaining-Ratings-1.csv	sub-122/beh/sub-122_task-ultimatum_acq-pre_beh.tsv	6	321e43d15c57e82dfb0fa1c84a96ddc58f4ec4eaf5b9aec8eb5f7b618eb7c53f	final_complete_attempt
sub-124	sharedreward	post	2	1	stimuli/psychopy/logs/124/sub124_SR-Ratings-2.csv	sub-124/beh/sub-124_task-sharedreward_acq-post_beh.tsv	6	cc859cf611aa120c5c03e92e6e016a0e0131737a6ccee19297c90dfe43006116	final_complete_attempt
sub-124	trust	post	2	2	stimuli/psychopy/logs/124/sub124_Investment-Ratings-2.csv	sub-124/beh/sub-124_task-trust_acq-post_beh.tsv	9	2d29775ce92f0f13e1eeb86c95789cd2905e2b079c4edf25d5143384557e9538	final_complete_attempt
sub-124	trust	pre	1	1	stimuli/psychopy/logs/124/sub124_Investment-Ratings-1.csv	sub-124/beh/sub-124_task-trust_acq-pre_beh.tsv	9	0996ab34fc14e57e9d5e7c315a88dcf7fb8df2c8da5ca8786164c8b0d9832884	final_complete_attempt
sub-124	ultimatum	post	2	1	stimuli/psychopy/logs/124/sub124_Bargaining-Ratings-2.csv	sub-124/beh/sub-124_task-ultimatum_acq-post_beh.tsv	12	5af38a188c61f31350f1f65934d55c84b80bb359b2ca4f07ef86c013ad99334b	final_complete_attempt
sub-124	ultimatum	pre	1	1	stimuli/psychopy/logs/124/sub124_Bargaining-Ratings-1.csv	sub-124/beh/sub-124_task-ultimatum_acq-pre_beh.tsv	6	6afbf7fae1d41848e6770ff4225908ff59a41c0c97b768f2d667c824cfe02f06	final_complete_attempt
sub-125	sharedreward	post	2	1	stimuli/psychopy/logs/125/sub125_SR-Ratings-2.csv	sub-125/beh/sub-125_task-sharedreward_acq-post_beh.tsv	6	acba3ce67d2a27d48a838b43072ebc3053e01f3f488f7fb8ecdb1e0de980139a	final_complete_attempt
sub-125	trust	post	2	1	stimuli/psychopy/logs/125/sub125_Investment-Ratings-2.csv	sub-125/beh/sub-125_task-trust_acq-post_beh.tsv	9	633bc9849f4481df47ca698a126b1f8ebf0cde15924ce17fcfd4cc39830607dd	final_complete_attempt
sub-125	trust	pre	1	1	stimuli/psychopy/logs/125/sub125_Investment-Ratings-1.csv	sub-125/beh/sub-125_task-trust_acq-pre_beh.tsv	9	4778218cc79d91c4de9e5c612dce65c0dfa3bca0b8c44c6e5413d03df42db79b	final_complete_attempt
sub-125	ultimatum	post	2	1	stimuli/psychopy/logs/125/sub125_Bargaining-Ratings-2.csv	sub-125/beh/sub-125_task-ultimatum_acq-post_beh.tsv	12	c299638957070f878f6711ddc0904fd7899a60b72ef8a6e49840bf92c751b8c9	final_complete_attempt
sub-125	ultimatum	pre	1	1	stimuli/psychopy/logs/125/sub125_Bargaining-Ratings-1.csv	sub-125/beh/sub-125_task-ultimatum_acq-pre_beh.tsv	6	3ebe13dfececc96b1801f81afc6ccff5aaad72bf6a55a46085619ce0ad8abea5	final_complete_attempt
sub-126	sharedreward	post	2	1	stimuli/psychopy/logs/126/sub126_SR-Ratings-2.csv	sub-126/beh/sub-126_task-sharedreward_acq-post_beh.tsv	6	1412b610975336cbb270380e138e3e3588c7c18777c5e77a1d2be547e3d6c9d9	final_complete_attempt
sub-126	trust	post	2	1	stimuli/psychopy/logs/126/sub126_Investment-Ratings-2.csv	sub-126/beh/sub-126_task-trust_acq-post_beh.tsv	9	5f48dbb66a390ed8b328cc49d91b77d9ba68e7eb896720017e865bae52ab8640	final_complete_attempt
sub-126	trust	pre	1	1	stimuli/psychopy/logs/126/sub126_Investment-Ratings-1.csv	sub-126/beh/sub-126_task-trust_acq-pre_beh.tsv	9	6eb78c0743eb45ad31d7f8469a1a03a13ae095079b95e033c92c1f91acd9a21f	final_complete_attempt
sub-126	ultimatum	post	2	1	stimuli/psychopy/logs/126/sub126_Bargaining-Ratings-2.csv	sub-126/beh/sub-126_task-ultimatum_acq-post_beh.tsv	12	520f4572f32578d3bd922db0fb08e6f9ddcfcb4970b2ee89b396351317490d2d	final_complete_attempt
sub-126	ultimatum	pre	1	1	stimuli/psychopy/logs/126/sub126_Bargaining-Ratings-1.csv	sub-126/beh/sub-126_task-ultimatum_acq-pre_beh.tsv	6	de6b20bd22c4c5c65adc9302bcad141d833f688702a5517d62ed1d8f98a24a87	final_complete_attempt
sub-127	sharedreward	post	2	1	stimuli/psychopy/logs/127/sub127_SR-Ratings-2.csv	sub-127/beh/sub-127_task-sharedreward_acq-post_beh.tsv	6	cbb5356f4f98f606261b9803dd79ab10e7ef84e252b902e8b614e14cc5c8b179	final_complete_attempt
sub-127	trust	post	2	1	stimuli/psychopy/logs/127/sub127_Investment-Ratings-2.csv	sub-127/beh/sub-127_task-trust_acq-post_beh.tsv	9	617437368482941eb2090630142045abdfef80c95dab9b6cd8a706e6bb6cef3b	final_complete_attempt
sub-127	trust	pre	1	1	stimuli/psychopy/logs/127/sub127_Investment-Ratings-1.csv	sub-127/beh/sub-127_task-trust_acq-pre_beh.tsv	9	29069fc9b10b4097f1c1649e2f78b5fdc44eadac78b5563ac1e00e5942cd3511	final_complete_attempt
sub-127	ultimatum	post	2	1	stimuli/psychopy/logs/127/sub127_Bargaining-Ratings-2.csv	sub-127/beh/sub-127_task-ultimatum_acq-post_beh.tsv	12	c49b36838a3434bc90b2475d108b39676c7bf009ef9483a483adf7f219f6f1a3	final_complete_attempt
sub-127	ultimatum	pre	1	1	stimuli/psychopy/logs/127/sub127_Bargaining-Ratings-1.csv	sub-127/beh/sub-127_task-ultimatum_acq-pre_beh.tsv	6	7763c1142d929b4732009ef9163831c02e8f2fab42f25d5b903e58fe8448703f	final_complete_attempt
sub-128	sharedreward	post	2	1	stimuli/psychopy/logs/128/sub128_SR-Ratings-2.csv	sub-128/beh/sub-128_task-sharedreward_acq-post_beh.tsv	6	2f58fcf1f7462a6414ec6bff414f823eb3a5c58cef03dd463c8004c141d3528b	final_complete_attempt
sub-128	trust	post	2	1	stimuli/psychopy/logs/128/sub128_Investment-Ratings-2.csv	sub-128/beh/sub-128_task-trust_acq-post_beh.tsv	9	2ed3a41b2c2254bc3bd57108d5457f82cc728a463963fe4fe1cf05d950246789	final_complete_attempt
sub-128	trust	pre	1	1	stimuli/psychopy/logs/128/sub128_Investment-Ratings-1.csv	sub-128/beh/sub-128_task-trust_acq-pre_beh.tsv	9	b13a11e1df6ac74b9c236255c76ff34b313da4dc5ade9b327065bf1ee27ac7d2	final_complete_attempt
sub-128	ultimatum	post	2	1	stimuli/psychopy/logs/128/sub128_Bargaining-Ratings-2.csv	sub-128/beh/sub-128_task-ultimatum_acq-post_beh.tsv	12	cbd6a91787f4be7cbdbccaf6d6ffa8162f26743d923ef749453392d3fc25bd90	final_complete_attempt
sub-128	ultimatum	pre	1	1	stimuli/psychopy/logs/128/sub128_Bargaining-Ratings-1.csv	sub-128/beh/sub-128_task-ultimatum_acq-pre_beh.tsv	6	df811c7a54af0106ad4d3274a686dae9f546facd93769f4e67f8ed625923fe10	final_complete_attempt
sub-129	sharedreward	post	2	1	stimuli/psychopy/logs/129/sub129_SR-Ratings-2.csv	sub-129/beh/sub-129_task-sharedreward_acq-post_beh.tsv	6	b4fc3848053fbc610aa709966d91ba116f0c70d961c8af72b33480ad76bb7b9a	final_complete_attempt
sub-129	trust	post	2	1	stimuli/psychopy/logs/129/sub129_Investment-Ratings-2.csv	sub-129/beh/sub-129_task-trust_acq-post_beh.tsv	9	57f878f91f090b09e427c25e4534e6f0ff2643f16fa14c8751506375a3882894	final_complete_attempt
sub-129	trust	pre	1	1	stimuli/psychopy/logs/129/sub129_Investment-Ratings-1.csv	sub-129/beh/sub-129_task-trust_acq-pre_beh.tsv	9	ecd4fa6f67114b99d31ac431509b6e8b62ae91ed57b797aed21f953cc3af14fc	final_complete_attempt
sub-129	ultimatum	post	2	1	stimuli/psychopy/logs/129/sub129_Bargaining-Ratings-2.csv	sub-129/beh/sub-129_task-ultimatum_acq-post_beh.tsv	12	71ebcb2f417a1fd47e683b86de569f7aa4808312b67e7b92e318631515b30d33	final_complete_attempt
sub-129	ultimatum	pre	1	1	stimuli/psychopy/logs/129/sub129_Bargaining-Ratings-1.csv	sub-129/beh/sub-129_task-ultimatum_acq-pre_beh.tsv	6	70f2cb98707ef20084e0b3d53bc61a5124349e152f7c7685ee088180d84a38a3	final_complete_attempt
sub-130	trust	post	2	1	stimuli/psychopy/logs/130/sub130_Investment-Ratings-2.csv	sub-130/beh/sub-130_task-trust_acq-post_beh.tsv	9	743d8fabb8cb1c6ee48e219029bc51816767a334cf650f6e84c5fa247f5cd262	final_complete_attempt
sub-130	trust	pre	1	2	stimuli/psychopy/logs/130/sub130_Investment-Ratings-1.csv	sub-130/beh/sub-130_task-trust_acq-pre_beh.tsv	9	d501e402af645418668c9c8a185e1509d1e39a60578be724f7c670c150141384	final_complete_attempt
sub-130	ultimatum	post	2	1	stimuli/psychopy/logs/130/sub130_Bargaining-Ratings-2.csv	sub-130/beh/sub-130_task-ultimatum_acq-post_beh.tsv	12	eb8326d957a829694f699bba0fbd9f179524b878b99b513591ce1fa7ae507816	final_complete_attempt
sub-130	ultimatum	pre	1	1	stimuli/psychopy/logs/130/sub130_Bargaining-Ratings-1.csv	sub-130/beh/sub-130_task-ultimatum_acq-pre_beh.tsv	6	b21155ce92badfa6161eeb33223e6de0d9db2b5a3e810a757e6bccc256d23e6c	final_complete_attempt
sub-131	trust	post	2	1	stimuli/psychopy/logs/131/sub131_Investment-Ratings-2.csv	sub-131/beh/sub-131_task-trust_acq-post_beh.tsv	9	f8ff3dd85d4b52cd0b5bef76b3d46f198ab971305181845eafc85673afecc7e1	final_complete_attempt
sub-131	trust	pre	1	1	stimuli/psychopy/logs/131/sub131_Investment-Ratings-1.csv	sub-131/beh/sub-131_task-trust_acq-pre_beh.tsv	9	262d11fc1e9e86f1940e0c4f634ec27ee615398319f5ef2bc2e45b410b130b4b	final_complete_attempt
sub-131	ultimatum	post	2	1	stimuli/psychopy/logs/131/sub131_Bargaining-Ratings-2.csv	sub-131/beh/sub-131_task-ultimatum_acq-post_beh.tsv	12	33bf11e3584f3d8dc1a7f5d9ab101137ec8a23dd0e32138c6ba143d151263fc1	final_complete_attempt
sub-131	ultimatum	pre	1	1	stimuli/psychopy/logs/131/sub131_Bargaining-Ratings-1.csv	sub-131/beh/sub-131_task-ultimatum_acq-pre_beh.tsv	6	cc387ccb50540aa9d8a71a8e9a870534b0d3bf86821ab705061e14322d3cf3dd	final_complete_attempt
sub-132	trust	post	2	1	stimuli/psychopy/logs/132/sub132_Investment-Ratings-2.csv	sub-132/beh/sub-132_task-trust_acq-post_beh.tsv	9	1491441e0a7d510c1a9d9b5348c1ab4d7d96feea08e660cec0933d8285138b61	final_complete_attempt
sub-132	trust	pre	1	1	stimuli/psychopy/logs/132/sub132_Investment-Ratings-1.csv	sub-132/beh/sub-132_task-trust_acq-pre_beh.tsv	9	b6e0c5de8603c799381835d84c33b7d25e9c5cdea889463723f3cc9c3786651e	final_complete_attempt
sub-132	ultimatum	post	2	1	stimuli/psychopy/logs/132/sub132_Bargaining-Ratings-2.csv	sub-132/beh/sub-132_task-ultimatum_acq-post_beh.tsv	12	d183efecb637380dc839394c19fc6187513a040f4ceeef84af810ba0e4952d53	final_complete_attempt
sub-132	ultimatum	pre	1	1	stimuli/psychopy/logs/132/sub132_Bargaining-Ratings-1.csv	sub-132/beh/sub-132_task-ultimatum_acq-pre_beh.tsv	6	0ec822fb40cced9d29683e0dfe0fdadf9ab8c7ef0cf74d56c35558f48d8d3178	final_complete_attempt
sub-133	trust	post	2	1	stimuli/psychopy/logs/133/sub133_Investment-Ratings-2.csv	sub-133/beh/sub-133_task-trust_acq-post_beh.tsv	9	fcea9908d9642cd288b4dce2392abf64fd2c243fd69c5ab1cafe31e80e1a8480	final_complete_attempt
sub-133	trust	pre	1	1	stimuli/psychopy/logs/133/sub133_Investment-Ratings-1.csv	sub-133/beh/sub-133_task-trust_acq-pre_beh.tsv	9	78f968b0f74dce86fdda810312985d08042b23a5323df880c6b3e377928592c5	final_complete_attempt
sub-133	ultimatum	post	2	1	stimuli/psychopy/logs/133/sub133_Bargaining-Ratings-2.csv	sub-133/beh/sub-133_task-ultimatum_acq-post_beh.tsv	12	e54092a7f367396b0aca582e1542c109eb38eef7a5ebfa527be5204f8badcc94	final_complete_attempt
sub-133	ultimatum	pre	1	1	stimuli/psychopy/logs/133/sub133_Bargaining-Ratings-1.csv	sub-133/beh/sub-133_task-ultimatum_acq-pre_beh.tsv	6	8e0d97fa46aeb09cbf118342cab39ab65b26ac0e790468b7bf0ee8a8a9f3bac3	final_complete_attempt
sub-134	trust	post	2	1	stimuli/psychopy/logs/134/sub134_Investment-Ratings-2.csv	sub-134/beh/sub-134_task-trust_acq-post_beh.tsv	9	767a80eb0fcd71f385ee2d9b77d653e808e2e53f6debff4f78aa5348e4f4057f	final_complete_attempt
sub-134	trust	pre	1	2	stimuli/psychopy/logs/134/sub134_Investment-Ratings-1.csv	sub-134/beh/sub-134_task-trust_acq-pre_beh.tsv	9	928d0e9a41ca09828495cbdb7f199a870e23340b7a054e9e540c35ce19c17271	final_complete_attempt
sub-134	ultimatum	post	2	2	stimuli/psychopy/logs/134/sub134_Bargaining-Ratings-2.csv	sub-134/beh/sub-134_task-ultimatum_acq-post_beh.tsv	12	275bf2bd5d4454a9e0e33e10f209a03fed90f78844d75b4d41700578ab1c304b	final_complete_attempt
sub-134	ultimatum	pre	1	1	stimuli/psychopy/logs/134/sub134_Bargaining-Ratings-1.csv	sub-134/beh/sub-134_task-ultimatum_acq-pre_beh.tsv	6	3b59a174bbe22c74170707f8ecf66305727f4c80e9b5178728e1d93e94c2bfaf	final_complete_attempt
sub-135	trust	post	2	1	stimuli/psychopy/logs/135/sub135_Investment-Ratings-2.csv	sub-135/beh/sub-135_task-trust_acq-post_beh.tsv	9	617437368482941eb2090630142045abdfef80c95dab9b6cd8a706e6bb6cef3b	final_complete_attempt
sub-135	trust	pre	1	1	stimuli/psychopy/logs/135/sub135_Investment-Ratings-1.csv	sub-135/beh/sub-135_task-trust_acq-pre_beh.tsv	9	52f107ab43fbc7d0b6f306f4d413092f34a51f55ef14c532cd939da9014a6de1	final_complete_attempt
sub-135	ultimatum	post	2	1	stimuli/psychopy/logs/135/sub135_Bargaining-Ratings-2.csv	sub-135/beh/sub-135_task-ultimatum_acq-post_beh.tsv	12	a632c03b10db49f6c230a9aedd9cea220a7688dfed3eaaec8b6ff909dd9fa0da	final_complete_attempt
sub-135	ultimatum	pre	1	1	stimuli/psychopy/logs/135/sub135_Bargaining-Ratings-1.csv	sub-135/beh/sub-135_task-ultimatum_acq-pre_beh.tsv	6	ba80f20aa29b5f552477d54087c417de1ee82eb78b86e408810b53653a3b1069	final_complete_attempt
sub-136	sharedreward	post	2	1	stimuli/psychopy/logs/136/sub136_SR-Ratings-2.csv	sub-136/beh/sub-136_task-sharedreward_acq-post_beh.tsv	6	fdc204f0fae90aeefd61e8c0cafb4bc87fbd79d2e74693487c798d890efa606e	final_complete_attempt
sub-136	trust	post	2	1	stimuli/psychopy/logs/136/sub136_Investment-Ratings-2.csv	sub-136/beh/sub-136_task-trust_acq-post_beh.tsv	9	201bdc73d7ed2b9cc141d2618d4f413ed21cd304d622d66417c6c03de1497d08	final_complete_attempt
sub-136	trust	pre	1	1	stimuli/psychopy/logs/136/sub136_Investment-Ratings-1.csv	sub-136/beh/sub-136_task-trust_acq-pre_beh.tsv	9	65a2eae5ac4962dcf630b401c64435037c7d9ab5bd61891a75f6e7b598769ae5	final_complete_attempt
sub-136	ultimatum	post	2	1	stimuli/psychopy/logs/136/sub136_Bargaining-Ratings-2.csv	sub-136/beh/sub-136_task-ultimatum_acq-post_beh.tsv	12	526a65b7d507fded85324d02eafaf1f202e8c3dc06621bfff00f7329f6a73baa	final_complete_attempt
sub-136	ultimatum	pre	1	1	stimuli/psychopy/logs/136/sub136_Bargaining-Ratings-1.csv	sub-136/beh/sub-136_task-ultimatum_acq-pre_beh.tsv	6	05d4c95abe640899b18404e742c6bc4caf9c5f4e18c3c2f5499eed5d5f6faf48	final_complete_attempt
sub-137	sharedreward	post	2	1	stimuli/psychopy/logs/137/sub137_SR-Ratings-2.csv	sub-137/beh/sub-137_task-sharedreward_acq-post_beh.tsv	6	0857f4d1dc843bfcb9bc0a899c6bc4f923e33aaa2c36713026646046bd0ca60b	final_complete_attempt
sub-137	trust	post	2	1	stimuli/psychopy/logs/137/sub137_Investment-Ratings-2.csv	sub-137/beh/sub-137_task-trust_acq-post_beh.tsv	9	2d48f93de0487d50ea826051bc3e114acc1863111937ffaded1558aee77f5907	final_complete_attempt
sub-137	trust	pre	1	1	stimuli/psychopy/logs/137/sub137_Investment-Ratings-1.csv	sub-137/beh/sub-137_task-trust_acq-pre_beh.tsv	9	3843a5604108bd183f5f0fd4d18e497919c6f41b6ebd6e0941efc4e7fa3082c6	final_complete_attempt
sub-137	ultimatum	post	2	1	stimuli/psychopy/logs/137/sub137_Bargaining-Ratings-2.csv	sub-137/beh/sub-137_task-ultimatum_acq-post_beh.tsv	12	b17ed157c204447559c6c5f48f1393b467f0375e051a0c9326ff4047e9843398	final_complete_attempt
sub-137	ultimatum	pre	1	1	stimuli/psychopy/logs/137/sub137_Bargaining-Ratings-1.csv	sub-137/beh/sub-137_task-ultimatum_acq-pre_beh.tsv	6	76f0d21f678afddde40eb5ec51db8a92df70c56ee348f8b0b94e7c388ea412bf	final_complete_attempt
sub-138	sharedreward	post	2	1	stimuli/psychopy/logs/138/sub138_SR-Ratings-2.csv	sub-138/beh/sub-138_task-sharedreward_acq-post_beh.tsv	6	0f4fcdf53b1844a48b55e4c28712432d8f15d3a4f34d16e1256585386d6e94e1	final_complete_attempt
sub-138	trust	post	2	1	stimuli/psychopy/logs/138/sub138_Investment-Ratings-2.csv	sub-138/beh/sub-138_task-trust_acq-post_beh.tsv	9	858a615a80aaf9ae27b031196256de9ca2b087bd54d1c4f75bfe595cb7e94f65	final_complete_attempt
sub-138	trust	pre	1	1	stimuli/psychopy/logs/138/sub138_Investment-Ratings-1.csv	sub-138/beh/sub-138_task-trust_acq-pre_beh.tsv	9	2aa7af19e2b5d7936166369a2c9f38ec8727e72d59990dcf762dfd596efcb1b5	final_complete_attempt
sub-138	ultimatum	post	2	1	stimuli/psychopy/logs/138/sub138_Bargaining-Ratings-2.csv	sub-138/beh/sub-138_task-ultimatum_acq-post_beh.tsv	12	03d963a7d4294acd2a2ddac0a470b1a7282a0b0bfd05024c60429007dae81fbf	final_complete_attempt
sub-138	ultimatum	pre	1	1	stimuli/psychopy/logs/138/sub138_Bargaining-Ratings-1.csv	sub-138/beh/sub-138_task-ultimatum_acq-pre_beh.tsv	6	896589768a2cb3dc1d3b1fdbc563c8471693922163bd3d46f68ffbb3a19ac2ba	final_complete_attempt
sub-140	sharedreward	post	2	1	stimuli/psychopy/logs/140/sub140_SR-Ratings-2.csv	sub-140/beh/sub-140_task-sharedreward_acq-post_beh.tsv	6	681fcd72f3a7cb74394e0575ba3eece853b8ed8cd592578e5f42e723346c41d2	final_complete_attempt
sub-140	trust	post	2	1	stimuli/psychopy/logs/140/sub140_Investment-Ratings-2.csv	sub-140/beh/sub-140_task-trust_acq-post_beh.tsv	9	e0d03300513892d1cfaf5a32f3f8fb8d2d8b5e17eea56be949b36815a77664f1	final_complete_attempt
sub-140	trust	pre	1	1	stimuli/psychopy/logs/140/sub140_Investment-Ratings-1.csv	sub-140/beh/sub-140_task-trust_acq-pre_beh.tsv	9	cd62e665b3773191271754d6bf176f45bf2d02f45b60d8a182698ba5b0c61d4e	final_complete_attempt
sub-140	ultimatum	post	2	1	stimuli/psychopy/logs/140/sub140_Bargaining-Ratings-2.csv	sub-140/beh/sub-140_task-ultimatum_acq-post_beh.tsv	12	c2384d03de0596df96e5fbd0f33f8a8150091a94676d633fa0388b13ad812ded	final_complete_attempt
sub-140	ultimatum	pre	1	1	stimuli/psychopy/logs/140/sub140_Bargaining-Ratings-1.csv	sub-140/beh/sub-140_task-ultimatum_acq-pre_beh.tsv	6	faeddea03b363c6f60d694a46f5700baa1f92f9c823f68a1db2bd8c0e11270cd	final_complete_attempt
sub-141	sharedreward	post	2	1	stimuli/psychopy/logs/141/sub141_SR-Ratings-2.csv	sub-141/beh/sub-141_task-sharedreward_acq-post_beh.tsv	6	5a5fae0c65089d42fad0aec02723712ef5dadc0ae48f4a3a8d53768ce493c29f	final_complete_attempt
sub-141	trust	post	2	1	stimuli/psychopy/logs/141/sub141_Investment-Ratings-2.csv	sub-141/beh/sub-141_task-trust_acq-post_beh.tsv	9	96b082d88050171a46dece342c055044ac74a7566a2a2e9d447524864113b94a	final_complete_attempt
sub-141	trust	pre	1	1	stimuli/psychopy/logs/141/sub141_Investment-Ratings-1.csv	sub-141/beh/sub-141_task-trust_acq-pre_beh.tsv	9	5354527b2f723bf3cc69e9cf04e9a8366e6cc192e0a6a1fd6c44e87c5ab10d2a	final_complete_attempt
sub-141	ultimatum	post	2	1	stimuli/psychopy/logs/141/sub141_Bargaining-Ratings-2.csv	sub-141/beh/sub-141_task-ultimatum_acq-post_beh.tsv	12	8d25ac114f21a5830aa4c8e4d4a4207885c8081f0e4ea9b75d89fa36a04b8c32	final_complete_attempt
sub-141	ultimatum	pre	1	1	stimuli/psychopy/logs/141/sub141_Bargaining-Ratings-1.csv	sub-141/beh/sub-141_task-ultimatum_acq-pre_beh.tsv	6	90ef63fd173af379677562d862b57092c9a7fe0e7b318417712ebe46f1303a45	final_complete_attempt
sub-142	sharedreward	post	2	1	stimuli/psychopy/logs/142/sub142_SR-Ratings-2.csv	sub-142/beh/sub-142_task-sharedreward_acq-post_beh.tsv	6	972519cd9e25d3797caa1d64d0f1d102a4731ac0a03a7548fdce7efd818bd0b8	final_complete_attempt
sub-142	trust	post	2	1	stimuli/psychopy/logs/142/sub142_Investment-Ratings-2.csv	sub-142/beh/sub-142_task-trust_acq-post_beh.tsv	9	f944b9e4c2aacf52431f51d46b9e9e1f4f2011b78f898c9bf640d3efdfb57dfd	final_complete_attempt
sub-142	trust	pre	1	1	stimuli/psychopy/logs/142/sub142_Investment-Ratings-1.csv	sub-142/beh/sub-142_task-trust_acq-pre_beh.tsv	9	6d5edd1bc525902d1cfccbec40cc7b8b28dfc1156fd5a9d78ffe74c23e01fab0	final_complete_attempt
sub-142	ultimatum	post	2	1	stimuli/psychopy/logs/142/sub142_Bargaining-Ratings-2.csv	sub-142/beh/sub-142_task-ultimatum_acq-post_beh.tsv	12	24cd0f483a92408593f05cf15749b7c07046b060e7d3eb27da5f9cbd8ee4bb56	final_complete_attempt
sub-142	ultimatum	pre	1	1	stimuli/psychopy/logs/142/sub142_Bargaining-Ratings-1.csv	sub-142/beh/sub-142_task-ultimatum_acq-pre_beh.tsv	6	c4f7d19677008d888aedd1f9105b67f6f1d8366a4886febf2edb14502816e0dd	final_complete_attempt
sub-144	sharedreward	post	2	2	stimuli/psychopy/logs/144/sub144_SR-Ratings-2.csv	sub-144/beh/sub-144_task-sharedreward_acq-post_beh.tsv	6	99e596839cae985e7eb8eda7f1592fd98aa5fe514e314578e0d2a3db3e479a65	final_complete_attempt
sub-144	trust	post	2	2	stimuli/psychopy/logs/144/sub144_Investment-Ratings-2.csv	sub-144/beh/sub-144_task-trust_acq-post_beh.tsv	9	c8ad2a3bbdbd1e55a5da5a9178c1d8c532b7b123be72b9a628de784619e3d25a	final_complete_attempt
sub-144	trust	pre	1	2	stimuli/psychopy/logs/144/sub144_Investment-Ratings-1.csv	sub-144/beh/sub-144_task-trust_acq-pre_beh.tsv	9	c9558fea952c77997290df82bd7389c7192fa1846b7d909af788c8e8b4ba2743	final_complete_attempt
sub-144	ultimatum	post	2	2	stimuli/psychopy/logs/144/sub144_Bargaining-Ratings-2.csv	sub-144/beh/sub-144_task-ultimatum_acq-post_beh.tsv	12	4f2f5983c05a19431c7798d152153893a580bcd47fd0241c5ba181b2ed044002	final_complete_attempt
sub-144	ultimatum	pre	1	2	stimuli/psychopy/logs/144/sub144_Bargaining-Ratings-1.csv	sub-144/beh/sub-144_task-ultimatum_acq-pre_beh.tsv	6	856b4c058b6aefd67157189f1eae4c1db156e5973bd7d9b8cf2724763c6eb436	final_complete_attempt
sub-145	sharedreward	post	2	1	stimuli/psychopy/logs/145/sub145_SR-Ratings-2.csv	sub-145/beh/sub-145_task-sharedreward_acq-post_beh.tsv	6	326a9e9b827d547a0284b5d36974567cca2138218f463043d7ea1e65ca1fbbd7	final_complete_attempt
sub-145	trust	post	2	1	stimuli/psychopy/logs/145/sub145_Investment-Ratings-2.csv	sub-145/beh/sub-145_task-trust_acq-post_beh.tsv	9	57e5a991139b6b123f990bf90c5209a2c1d3c96d6286a88be2cdbacb31a61f05	final_complete_attempt
sub-145	trust	pre	1	1	stimuli/psychopy/logs/145/sub145_Investment-Ratings-1.csv	sub-145/beh/sub-145_task-trust_acq-pre_beh.tsv	9	d5bf9b06bd0fc66b6f5577cf7cc3daecd0cf2791a300178fdc005bee3420b89e	final_complete_attempt
sub-145	ultimatum	post	2	1	stimuli/psychopy/logs/145/sub145_Bargaining-Ratings-2.csv	sub-145/beh/sub-145_task-ultimatum_acq-post_beh.tsv	12	d3dbeda17d160dc86b08f3e37508e4912c0a208210393b84b6db27e35df60797	final_complete_attempt
sub-145	ultimatum	pre	1	1	stimuli/psychopy/logs/145/sub145_Bargaining-Ratings-1.csv	sub-145/beh/sub-145_task-ultimatum_acq-pre_beh.tsv	6	321e43d15c57e82dfb0fa1c84a96ddc58f4ec4eaf5b9aec8eb5f7b618eb7c53f	final_complete_attempt
sub-147	sharedreward	post	2	1	stimuli/psychopy/logs/147/sub147_SR-Ratings-2.csv	sub-147/beh/sub-147_task-sharedreward_acq-post_beh.tsv	6	d36118de5d239a3895e2513c85e2c17dfe3d236c374af89ecd3e2a7697b1eb7c	final_complete_attempt
sub-147	trust	post	2	1	stimuli/psychopy/logs/147/sub147_Investment-Ratings-2.csv	sub-147/beh/sub-147_task-trust_acq-post_beh.tsv	9	dd35987612ac1628b5d500e20e5b236b5974a1cd672e91c8b1c0e456cc10773c	final_complete_attempt
sub-147	trust	pre	1	1	stimuli/psychopy/logs/147/sub147_Investment-Ratings-1.csv	sub-147/beh/sub-147_task-trust_acq-pre_beh.tsv	9	d1718bfc4b378a0354ee1b0e17ece40958ebc6387474d5dcf8952507f0c6b89c	final_complete_attempt
sub-147	ultimatum	post	2	1	stimuli/psychopy/logs/147/sub147_Bargaining-Ratings-2.csv	sub-147/beh/sub-147_task-ultimatum_acq-post_beh.tsv	12	7016344eafb404193c039fb3d395a282b5898c038fddde1a6bb907259251c22d	final_complete_attempt
sub-147	ultimatum	pre	1	1	stimuli/psychopy/logs/147/sub147_Bargaining-Ratings-1.csv	sub-147/beh/sub-147_task-ultimatum_acq-pre_beh.tsv	6	321e43d15c57e82dfb0fa1c84a96ddc58f4ec4eaf5b9aec8eb5f7b618eb7c53f	final_complete_attempt
sub-149	sharedreward	post	2	1	stimuli/psychopy/logs/149/sub149_SR-Ratings-2.csv	sub-149/beh/sub-149_task-sharedreward_acq-post_beh.tsv	6	8df787d6d6da68ba602d1c8baf1cb185277f3bcd3107d8dbcc424a5a7b2921e4	final_complete_attempt
sub-149	trust	post	2	1	stimuli/psychopy/logs/149/sub149_Investment-Ratings-2.csv	sub-149/beh/sub-149_task-trust_acq-post_beh.tsv	9	96c31c11e29d1495df8e38de1641776e4ef4113d883f93cae2512219d3415cbf	final_complete_attempt
sub-149	trust	pre	1	1	stimuli/psychopy/logs/149/sub149_Investment-Ratings-1.csv	sub-149/beh/sub-149_task-trust_acq-pre_beh.tsv	9	130c3d250c51646f337fe567ae5c57ac756fb6189dd0e2c921d00976c3246f34	final_complete_attempt
sub-149	ultimatum	post	2	1	stimuli/psychopy/logs/149/sub149_Bargaining-Ratings-2.csv	sub-149/beh/sub-149_task-ultimatum_acq-post_beh.tsv	12	126188dfb19a8bc340cab8a8494524ba9e7bae8a7d8aee624fa54fb2192675f9	final_complete_attempt
sub-149	ultimatum	pre	1	1	stimuli/psychopy/logs/149/sub149_Bargaining-Ratings-1.csv	sub-149/beh/sub-149_task-ultimatum_acq-pre_beh.tsv	6	4c6c8e8fb5673420889ef166ce695063e6869c55a54fb74da2d678974392a70a	final_complete_attempt
sub-150	sharedreward	post	2	1	stimuli/psychopy/logs/150/sub150_SR-Ratings-2.csv	sub-150/beh/sub-150_task-sharedreward_acq-post_beh.tsv	6	f23d76a1cf92cc43be295182e49c0e465eac0a48246e2a12b4d0ca618d90e582	final_complete_attempt
sub-150	trust	post	2	1	stimuli/psychopy/logs/150/sub150_Investment-Ratings-2.csv	sub-150/beh/sub-150_task-trust_acq-post_beh.tsv	9	7a85644c510b0c1c3991cd85e7c38c483e96b43b7aee957e5003eca6b0584c2f	final_complete_attempt
sub-150	trust	pre	1	1	stimuli/psychopy/logs/150/sub150_Investment-Ratings-1.csv	sub-150/beh/sub-150_task-trust_acq-pre_beh.tsv	9	d420c8cd2f54c5a3e3b4e85b9c170313675b48aa8de800534b82663c2d33664f	final_complete_attempt
sub-150	ultimatum	post	2	1	stimuli/psychopy/logs/150/sub150_Bargaining-Ratings-2.csv	sub-150/beh/sub-150_task-ultimatum_acq-post_beh.tsv	12	64a3b8a0629d531fb7c7da96671cced130b54ef9508cc77bbdb54aa65f5ae8e8	final_complete_attempt
sub-150	ultimatum	pre	1	1	stimuli/psychopy/logs/150/sub150_Bargaining-Ratings-1.csv	sub-150/beh/sub-150_task-ultimatum_acq-pre_beh.tsv	6	94a7727bcd6e77b72ea648203241c369ce329b18d974626910bf9e875d2c415f	final_complete_attempt
sub-151	sharedreward	post	2	1	stimuli/psychopy/logs/151/sub151_SR-Ratings-2.csv	sub-151/beh/sub-151_task-sharedreward_acq-post_beh.tsv	6	5e9c607e58c662067005625a0664a6455e053c7d8a04e5951064d9b22427f308	final_complete_attempt
sub-151	trust	post	2	1	stimuli/psychopy/logs/151/sub151_Investment-Ratings-2.csv	sub-151/beh/sub-151_task-trust_acq-post_beh.tsv	9	52f107ab43fbc7d0b6f306f4d413092f34a51f55ef14c532cd939da9014a6de1	final_complete_attempt
sub-151	trust	pre	1	1	stimuli/psychopy/logs/151/sub151_Investment-Ratings-1.csv	sub-151/beh/sub-151_task-trust_acq-pre_beh.tsv	9	7a6e5a4dccb0f67b0213d37fe43bca168c613ee04304047a480450051d74fa3f	final_complete_attempt
sub-151	ultimatum	post	2	1	stimuli/psychopy/logs/151/sub151_Bargaining-Ratings-2.csv	sub-151/beh/sub-151_task-ultimatum_acq-post_beh.tsv	12	71ebcb2f417a1fd47e683b86de569f7aa4808312b67e7b92e318631515b30d33	final_complete_attempt
sub-151	ultimatum	pre	1	1	stimuli/psychopy/logs/151/sub151_Bargaining-Ratings-1.csv	sub-151/beh/sub-151_task-ultimatum_acq-pre_beh.tsv	6	321e43d15c57e82dfb0fa1c84a96ddc58f4ec4eaf5b9aec8eb5f7b618eb7c53f	final_complete_attempt
sub-152	sharedreward	post	2	1	stimuli/psychopy/logs/152/sub152_SR-Ratings-2.csv	sub-152/beh/sub-152_task-sharedreward_acq-post_beh.tsv	6	99d79bbd77a35d908dc9cc9c58e28ed225a8ed30f0658199b6cfb1defedede57	final_complete_attempt
sub-152	trust	post	2	1	stimuli/psychopy/logs/152/sub152_Investment-Ratings-2.csv	sub-152/beh/sub-152_task-trust_acq-post_beh.tsv	9	add7053f5cc93bd7ea37cf3891b230c23253a474bd26612b232de5adb3682199	final_complete_attempt
sub-152	trust	pre	1	1	stimuli/psychopy/logs/152/sub152_Investment-Ratings-1.csv	sub-152/beh/sub-152_task-trust_acq-pre_beh.tsv	9	2da1fd6cb32279fff428dab5483ca1526e017233343188d7d84276d5df83b9c9	final_complete_attempt
sub-152	ultimatum	post	2	1	stimuli/psychopy/logs/152/sub152_Bargaining-Ratings-2.csv	sub-152/beh/sub-152_task-ultimatum_acq-post_beh.tsv	12	19c88dc560e1e2ed9fcb8063ddbec0895a527d9d2a4bbbbeb143b96eb90dde2b	final_complete_attempt
sub-152	ultimatum	pre	1	1	stimuli/psychopy/logs/152/sub152_Bargaining-Ratings-1.csv	sub-152/beh/sub-152_task-ultimatum_acq-pre_beh.tsv	6	0143af2c70333e9f381ec5130d39945c819b2a2bf45c2f4a52972744e12c5a16	final_complete_attempt
sub-153	sharedreward	post	2	1	stimuli/psychopy/logs/153/sub153_SR-Ratings-2.csv	sub-153/beh/sub-153_task-sharedreward_acq-post_beh.tsv	6	08118f78089659875fd836383f8520b2790cad3436ed11fde0793da6a2d4902f	final_complete_attempt
sub-153	trust	post	2	1	stimuli/psychopy/logs/153/sub153_Investment-Ratings-2.csv	sub-153/beh/sub-153_task-trust_acq-post_beh.tsv	9	7d844ed945c0f87c276b79de501c6a2d1601cf91cfd05cdd29d963a61d664fa9	final_complete_attempt
sub-153	trust	pre	1	1	stimuli/psychopy/logs/153/sub153_Investment-Ratings-1.csv	sub-153/beh/sub-153_task-trust_acq-pre_beh.tsv	9	2f5584711f1d2f61b86bd15dc1b9fc0f43371806a574b35df270888995c90c46	final_complete_attempt
sub-153	ultimatum	post	2	1	stimuli/psychopy/logs/153/sub153_Bargaining-Ratings-2.csv	sub-153/beh/sub-153_task-ultimatum_acq-post_beh.tsv	12	842a396c9b97b902d26f2fc7de5ca5c1986e05612804964344cc13da2b9510b1	final_complete_attempt
sub-153	ultimatum	pre	1	1	stimuli/psychopy/logs/153/sub153_Bargaining-Ratings-1.csv	sub-153/beh/sub-153_task-ultimatum_acq-pre_beh.tsv	6	08098d6136d0c0c7aaf70f777415aa59e2512a3561cf9106ab62611fbb41e599	final_complete_attempt
sub-154	sharedreward	post	2	1	stimuli/psychopy/logs/154/sub154_SR-Ratings-2.csv	sub-154/beh/sub-154_task-sharedreward_acq-post_beh.tsv	6	3ac8b72c9c0bf986d89a9c339a1055f5401bf3b0a56f5f2145725b134a10dfb8	final_complete_attempt
sub-154	trust	post	2	1	stimuli/psychopy/logs/154/sub154_Investment-Ratings-2.csv	sub-154/beh/sub-154_task-trust_acq-post_beh.tsv	9	48c8a4d9b5c9acf27316d565767bd804cb9e74eecf5b61b6be24815ec3e78839	final_complete_attempt
sub-154	trust	pre	1	1	stimuli/psychopy/logs/154/sub154_Investment-Ratings-1.csv	sub-154/beh/sub-154_task-trust_acq-pre_beh.tsv	9	71d175ffdfdd85dedfc3abddb882bedfd61d5b254a0625cdaab91a46503965d5	final_complete_attempt
sub-154	ultimatum	post	2	1	stimuli/psychopy/logs/154/sub154_Bargaining-Ratings-2.csv	sub-154/beh/sub-154_task-ultimatum_acq-post_beh.tsv	12	c01a68b46306bb55abf9551b5232aecbe34e1895aff16da7beb798851f83053b	final_complete_attempt
sub-154	ultimatum	pre	1	1	stimuli/psychopy/logs/154/sub154_Bargaining-Ratings-1.csv	sub-154/beh/sub-154_task-ultimatum_acq-pre_beh.tsv	6	ab9556ad991428cdb752018eb008b477ba2b04bc469690251c1a9d5dd3e8cda5	final_complete_attempt
sub-155	sharedreward	post	2	1	stimuli/psychopy/logs/155/sub155_SR-Ratings-2.csv	sub-155/beh/sub-155_task-sharedreward_acq-post_beh.tsv	6	af0f6153397022ddbace1eb65a616fc2a28a5d2da1b87a70aaf1e7ee60ef454e	final_complete_attempt
sub-155	trust	post	2	1	stimuli/psychopy/logs/155/sub155_Investment-Ratings-2.csv	sub-155/beh/sub-155_task-trust_acq-post_beh.tsv	9	5f312b5f462e663213badf38032e540c539303e5806eecb46fa5a09a8f63a022	final_complete_attempt
sub-155	trust	pre	1	1	stimuli/psychopy/logs/155/sub155_Investment-Ratings-1.csv	sub-155/beh/sub-155_task-trust_acq-pre_beh.tsv	9	2d8a1b34a996d5d93e01b5b4c09ebf2a1ee638804cf34aff0facdda8711fa4a8	final_complete_attempt
sub-155	ultimatum	post	2	1	stimuli/psychopy/logs/155/sub155_Bargaining-Ratings-2.csv	sub-155/beh/sub-155_task-ultimatum_acq-post_beh.tsv	12	596f6d8a809d69dc4042d55914472edb8fea6718325a329457c35549cd530c16	final_complete_attempt
sub-155	ultimatum	pre	1	1	stimuli/psychopy/logs/155/sub155_Bargaining-Ratings-1.csv	sub-155/beh/sub-155_task-ultimatum_acq-pre_beh.tsv	6	cebbb4952bec0e67e896adb2955ae61087098b9ba89b9558b355eb28528dc9a8	final_complete_attempt
sub-156	sharedreward	post	2	1	stimuli/psychopy/logs/156/sub156_SR-Ratings-2.csv	sub-156/beh/sub-156_task-sharedreward_acq-post_beh.tsv	6	385974e3f28447de35fe885965c9819f7d6b59c88483eb8687f3ea98597e3001	final_complete_attempt
sub-156	trust	post	2	1	stimuli/psychopy/logs/156/sub156_Investment-Ratings-2.csv	sub-156/beh/sub-156_task-trust_acq-post_beh.tsv	9	69dbe0c5934180c1c784395eb0121ccb5becf93947359244c5b4813fde4d8d8e	final_complete_attempt
sub-156	trust	pre	1	1	stimuli/psychopy/logs/156/sub156_Investment-Ratings-1.csv	sub-156/beh/sub-156_task-trust_acq-pre_beh.tsv	9	a81a204028e22eb88666f94d3acd4bb5b8bf747ab4a92d015f2cf9500ccbaf4e	final_complete_attempt
sub-156	ultimatum	post	2	1	stimuli/psychopy/logs/156/sub156_Bargaining-Ratings-2.csv	sub-156/beh/sub-156_task-ultimatum_acq-post_beh.tsv	12	71ebcb2f417a1fd47e683b86de569f7aa4808312b67e7b92e318631515b30d33	final_complete_attempt
sub-156	ultimatum	pre	1	1	stimuli/psychopy/logs/156/sub156_Bargaining-Ratings-1.csv	sub-156/beh/sub-156_task-ultimatum_acq-pre_beh.tsv	6	321e43d15c57e82dfb0fa1c84a96ddc58f4ec4eaf5b9aec8eb5f7b618eb7c53f	final_complete_attempt
sub-157	sharedreward	post	2	1	stimuli/psychopy/logs/157/sub157_SR-Ratings-2.csv	sub-157/beh/sub-157_task-sharedreward_acq-post_beh.tsv	6	82126bce81416d6db212b8ae11c7992f6ab02c07fbdae7f4c97aa5aae639090c	final_complete_attempt
sub-157	trust	post	2	1	stimuli/psychopy/logs/157/sub157_Investment-Ratings-2.csv	sub-157/beh/sub-157_task-trust_acq-post_beh.tsv	9	53bb21967d330d70e38f677433d799d937c5eafae295f5a2b62b0d80f47db809	final_complete_attempt
sub-157	trust	pre	1	1	stimuli/psychopy/logs/157/sub157_Investment-Ratings-1.csv	sub-157/beh/sub-157_task-trust_acq-pre_beh.tsv	9	31805e8d6c5314ee98c86631668fe30f564ecc422338848afdfee612d619a854	final_complete_attempt
sub-157	ultimatum	post	2	1	stimuli/psychopy/logs/157/sub157_Bargaining-Ratings-2.csv	sub-157/beh/sub-157_task-ultimatum_acq-post_beh.tsv	12	090eefcc5c0e78a4fcf9dacf3a89ea3ce00357d6986848b8fc8d08f140beef32	final_complete_attempt
sub-157	ultimatum	pre	1	1	stimuli/psychopy/logs/157/sub157_Bargaining-Ratings-1.csv	sub-157/beh/sub-157_task-ultimatum_acq-pre_beh.tsv	6	321e43d15c57e82dfb0fa1c84a96ddc58f4ec4eaf5b9aec8eb5f7b618eb7c53f	final_complete_attempt
sub-158	sharedreward	post	2	1	stimuli/psychopy/logs/158/sub158_SR-Ratings-2.csv	sub-158/beh/sub-158_task-sharedreward_acq-post_beh.tsv	6	445cc5af07f9dbc54daa118e6edb799cf1011091aece99f85d7645a8cfb7a84a	final_complete_attempt
sub-158	trust	post	2	1	stimuli/psychopy/logs/158/sub158_Investment-Ratings-2.csv	sub-158/beh/sub-158_task-trust_acq-post_beh.tsv	9	a27217c89e0138b8cbbd187702e752e34887ef2370c915b15aaf98bd3d02e229	final_complete_attempt
sub-158	trust	pre	1	1	stimuli/psychopy/logs/158/sub158_Investment-Ratings-1.csv	sub-158/beh/sub-158_task-trust_acq-pre_beh.tsv	9	ae6d306db1aa23a90a4b34f29f496999144d9df7fb0e52065bafd3d3dd1657ff	final_complete_attempt
sub-158	ultimatum	post	2	1	stimuli/psychopy/logs/158/sub158_Bargaining-Ratings-2.csv	sub-158/beh/sub-158_task-ultimatum_acq-post_beh.tsv	12	e4c3f8a6d0d5fb31d6ee2b153ada3ef61e583b1111a4bc01a1d5b6fa54e154b4	final_complete_attempt
sub-158	ultimatum	pre	1	1	stimuli/psychopy/logs/158/sub158_Bargaining-Ratings-1.csv	sub-158/beh/sub-158_task-ultimatum_acq-pre_beh.tsv	6	321e43d15c57e82dfb0fa1c84a96ddc58f4ec4eaf5b9aec8eb5f7b618eb7c53f	final_complete_attempt
sub-159	sharedreward	post	2	1	stimuli/psychopy/logs/159/sub159_SR-Ratings-2.csv	sub-159/beh/sub-159_task-sharedreward_acq-post_beh.tsv	6	a8dc6c3914f9636f92c8028525ec7fd0c54e3e09c6185e1031e3d18735a4bcfc	final_complete_attempt
sub-159	trust	post	2	1	stimuli/psychopy/logs/159/sub159_Investment-Ratings-2.csv	sub-159/beh/sub-159_task-trust_acq-post_beh.tsv	9	74b46cfa61d477f7b99ea817e8f98cbf4b5d12645012a91955ad022c609323f3	final_complete_attempt
sub-159	trust	pre	1	1	stimuli/psychopy/logs/159/sub159_Investment-Ratings-1.csv	sub-159/beh/sub-159_task-trust_acq-pre_beh.tsv	9	c81b7bb871f055acab7ede110a0e75fb4c1ad1e768838382bc1612cd13a8b64f	final_complete_attempt
sub-159	ultimatum	post	2	1	stimuli/psychopy/logs/159/sub159_Bargaining-Ratings-2.csv	sub-159/beh/sub-159_task-ultimatum_acq-post_beh.tsv	12	35dd0f1b4346db4885b25c3051c0f1113a62d40f114fb132f00b8c63578eb1b7	final_complete_attempt
sub-159	ultimatum	pre	1	1	stimuli/psychopy/logs/159/sub159_Bargaining-Ratings-1.csv	sub-159/beh/sub-159_task-ultimatum_acq-pre_beh.tsv	6	861437774579f3e51bfa2ee804e116c1da350135a4dee716f67f33099b1c70e7	final_complete_attempt
