trial_number	partner	response	response_time	response_recorded	decision_onset_time	response_onset_time	offer	is_fair_block	block_number	decision_offset_time	trial_duration
1	dissimilar	reject	2.85679	true	4.01262	6.86941	9	0	1	7.52492	3.51293
2	dissimilar	reject	1.63836	true	8.27863	9.917	3	0	1	11.791	3.51284
3	dissimilar	accept	1.01917	true	12.5445	13.5637	4	0	1	16.0571	3.51306
4	dissimilar	reject	1.66614	true	16.8105	18.4766	5	0	1	20.3232	3.51312
5	dissimilar	reject	1.38012	true	21.0765	22.4566	3	0	1	24.5892	3.51322
6	dissimilar	accept	1.02732	true	25.3426	26.3699	3	0	1	28.8553	3.51319
7	dissimilar	reject	1.84063	true	29.6086	31.4492	2	0	1	33.1214	3.51326
8	dissimilar	accept	1.4545	true	33.8748	35.3293	3	0	1	37.4031	3.52881
9	similar	accept	1.40999	true	47.4083	48.8183	6	0	2	50.9202	3.51275
10	similar	reject	1.59172	true	51.6895	53.2812	1	0	2	55.2019	3.51285
11	similar	reject	1.22261	true	55.9555	57.1781	2	0	2	59.468	3.51296
12	similar	reject	1.18706	true	60.2373	61.4243	1	0	2	63.7653	3.52851
13	similar	accept	1.13555	true	64.519	65.6545	4	0	2	68.0314	3.51288
14	similar	accept	1.38257	true	68.785	70.1675	7	0	2	72.2975	3.51297
15	similar	reject	1.42952	true	73.051	74.4805	2	0	2	76.5635	3.51326
16	similar	accept	2.01053	true	77.3327	79.3432	3	0	2	80.8453	3.51304
17	computer	accept	1.3978	true	92.85	94.2478	7	0	3	96.3625	3.51302
18	computer	accept	2.49413	true	97.1155	99.6096	2	0	3	100.629	3.51359
19	computer	reject	1.89222	true	101.382	103.274	2	0	3	104.91	3.52929
20	computer	accept	1.95679	true	105.663	107.62	6	0	3	109.176	3.51368
21	computer	accept	1.87063	true	109.929	111.8	4	0	3	113.442	3.51365
22	computer	reject	1.48578	true	114.211	115.697	1	0	3	117.74	3.52908
23	computer	reject	1.23397	true	118.493	119.727	1	0	3	122.021	3.52914
24	computer	reject	1.38201	true	122.774	124.156	1	0	3	126.288	3.5137
25	similar	accept	1.85008	true	138.293	140.143	10	1	4	141.805	3.51203
26	similar	reject	1.46517	true	142.558	144.024	1	1	4	146.071	3.51307
27	similar	accept	1.41227	true	146.824	148.237	10	1	4	150.337	3.51305
28	similar	accept	1.0259	true	151.091	152.117	7	1	4	154.603	3.51298
29	similar	accept	1.53918	true	155.357	156.896	7	1	4	158.869	3.51297
30	similar	accept	1.61982	true	159.623	161.243	6	1	4	163.135	3.51308
31	similar	accept	1.36806	true	163.905	165.273	7	1	4	167.417	3.51297
32	similar	accept	1.18234	true	168.17	169.353	10	1	4	171.683	3.51299
33	dissimilar	accept	2.37107	true	179.688	182.059	7	1	5	183.2	3.51262
34	dissimilar	accept	1.73561	true	183.954	185.689	4	1	5	187.482	3.52855
35	dissimilar	accept	1.26871	true	188.251	189.519	6	1	5	191.763	3.51316
36	dissimilar	accept	1.54905	true	192.517	194.066	9	1	5	196.029	3.51333
37	dissimilar	accept	1.02967	true	196.783	197.812	7	1	5	200.296	3.51322
38	dissimilar	accept	1.02667	true	201.049	202.075	10	1	5	204.562	3.51325
39	dissimilar	accept	1.37382	true	205.315	206.689	10	1	5	208.828	3.51323
40	dissimilar	accept	1.3541	true	209.581	210.935	8	1	5	213.094	3.51323
41	computer	accept	1.02772	true	221.098	222.126	9	1	6	224.611	3.51304
42	computer	accept	1.62496	true	225.364	226.989	6	1	6	228.892	3.52919
43	computer	reject	1.40686	true	229.645	231.052	1	1	6	233.174	3.52929
44	computer	reject	1.43832	true	233.927	235.365	8	1	6	237.456	3.52929
45	computer	accept	1.40293	true	238.209	239.612	8	1	6	241.722	3.51367
46	computer	accept	1.61767	true	242.49	244.108	8	1	6	246.003	3.51359
47	computer	accept	1.38155	true	246.756	248.138	9	1	6	250.27	3.51367
48	computer	accept	1.49523	true	251.022	252.518	7	1	6	254.536	3.51365
49	dissimilar	accept	1.5179	true	262.54	264.058	3	0	7	266.068	3.52817
50	dissimilar	reject	1.01694	true	266.822	267.838	1	0	7	270.35	3.52867
51	dissimilar	accept	1.64787	true	271.103	272.751	5	0	7	274.616	3.51326
52	dissimilar	reject	1.31048	true	275.371	276.681	1	0	7	278.898	3.52749
53	dissimilar	accept	1.60981	true	279.651	281.261	8	0	7	283.179	3.52887
54	dissimilar	reject	1.37466	true	283.933	285.307	4	0	7	287.461	3.52884
55	dissimilar	reject	1.33946	true	288.214	289.554	1	0	7	291.727	3.51321
56	dissimilar	reject	1.01992	true	292.48	293.5	2	0	7	295.993	3.51324
57	similar	accept	1.3389	true	307.999	309.338	9	1	8	311.511	3.51229
58	similar	accept	1.02001	true	312.264	313.284	8	1	8	315.777	3.51298
59	similar	accept	1.36707	true	316.53	317.897	5	1	8	320.043	3.51295
60	similar	accept	1.2311	true	320.796	322.027	9	1	8	324.309	3.513
61	similar	accept	1.36134	true	325.062	326.424	10	1	8	328.59	3.52864
62	similar	reject	2.5248	true	329.344	331.869	1	1	8	332.857	3.51298
63	similar	accept	2.33913	true	333.61	335.949	7	1	8	337.123	3.51296
64	similar	accept	1.52021	true	337.876	339.396	10	1	8	341.389	3.51298
65	dissimilar	accept	1.02599	true	351.409	352.435	10	1	9	354.921	3.5124
66	dissimilar	accept	1.02354	true	355.675	356.698	10	1	9	359.188	3.51303
67	dissimilar	accept	1.37085	true	359.941	361.312	9	1	9	363.454	3.51328
68	dissimilar	reject	1.76721	true	364.207	365.974	2	1	9	367.735	3.52853
69	dissimilar	accept	1.03262	true	368.489	369.521	6	1	9	372.017	3.52882
70	dissimilar	accept	1.03088	true	372.77	373.801	10	1	9	376.299	3.52886
71	dissimilar	accept	1.02886	true	377.052	378.081	10	1	9	380.565	3.51321
72	dissimilar	accept	1.0762	true	381.318	382.394	8	1	9	384.831	3.51326
