trial_number	partner	response	response_time	response_recorded	decision_onset_time	response_onset_time	investment	choice	left_option	right_option	reciprocate	outcome_onset_time	outcome_offset_time
1	stranger	3	2.41384	true	4.29489	6.70873	4	high	0	4	0	9.56859	11.5782
2	computer	n/a	n/a	false	15.5919	n/a	n/a	n/a	4	8	1	n/a	n/a
3	friend	3	1.73378	true	30.7869	32.5207	4	high	0	4	1	36.0569	38.068
4	stranger	2	2.25387	true	42.3571	44.611	8	high	8	2	0	47.6342	49.6485
5	stranger	3	1.80403	true	53.8645	55.6686	4	high	0	4	1	59.1236	61.1181
6	stranger	2	1.86361	true	63.3305	65.1941	2	low	2	4	1	70.0889	72.0944
7	friend	2	2.27047	true	76.4958	78.7662	2	high	2	0	0	83.2712	85.2763
8	stranger	3	2.21923	true	87.4881	89.7073	4	low	8	4	1	92.7545	94.7675
9	friend	3	2.18698	true	97.1622	99.3492	8	high	4	8	1	103.944	105.941
10	friend	3	2.27653	true	108.264	110.54	4	high	0	4	0	115.021	117.016
11	friend	2	2.36205	true	121.417	123.779	2	low	2	4	1	128.175	130.171
12	friend	3	2.29315	true	138.572	140.865	4	high	2	4	0	143.832	145.846
13	friend	3	2.89448	true	148.162	151.056	2	low	8	2	0	153.411	155.41
14	computer	2	2.5518	true	159.446	161.998	4	high	4	0	1	164.716	166.725
15	friend	2	2.646	true	171.042	173.688	8	high	8	0	0	176.295	178.288
16	computer	2	2.41572	true	184.295	186.711	8	high	8	0	0	189.557	191.571
17	stranger	3	2.65711	true	195.778	198.435	4	low	8	4	0	202.533	204.531
18	friend	3	2.42885	true	206.947	209.376	0	low	8	0	1	212.184	214.177
19	stranger	2	2.4489	true	222.497	224.946	0	low	0	2	0	227.749	229.749
20	stranger	n/a	n/a	false	231.959	n/a	n/a	n/a	4	2	0	n/a	n/a
21	computer	2	2.93122	true	245.229	248.16	4	high	4	0	0	250.494	252.509
22	computer	3	2.49417	true	254.492	256.986	2	high	0	2	0	259.735	261.742
23	stranger	2	2.50541	true	266.005	268.51	0	low	0	2	1	271.269	273.285
24	friend	2	2.64231	true	275.693	278.336	2	high	2	0	1	280.957	282.97
25	computer	n/a	n/a	false	290.984	n/a	n/a	n/a	8	4	0	n/a	n/a
26	computer	3	2.29568	true	307.264	309.56	2	low	4	2	1	314.029	316.039
27	friend	n/a	n/a	false	318.432	n/a	n/a	n/a	8	2	1	n/a	n/a
28	computer	2	2.04186	true	330.699	332.741	0	low	0	2	1	338.951	340.951
29	computer	3	2.84879	true	342.948	345.797	8	high	0	8	1	349.724	351.736
30	stranger	n/a	n/a	false	353.986	n/a	n/a	n/a	8	2	1	n/a	n/a
31	stranger	3	2.46532	true	368.461	370.926	8	high	0	8	1	375.229	377.238
32	computer	3	2.27109	true	379.23	381.501	8	high	2	8	0	387.483	389.48
33	stranger	2	2.29801	true	391.726	394.024	8	high	8	0	0	396.981	398.994
34	computer	3	2.58993	true	401.009	403.599	4	high	2	4	0	409.276	411.292
35	computer	3	2.47557	true	413.28	415.756	2	low	8	2	1	418.545	420.558
36	friend	3	2.43083	true	426.947	429.378	8	high	4	8	0	432.2	434.197
